"name","content","website_published","post_date"
"Discover Emerging Design Talent at the TMU Year End Show","The Toronto Metropolitan University Department of Architectural Science is opening its doors on June 22, 2026, for their highly anticipated annual Year End Show. This is a fantastic opportunity for newcomer architects to gain insight into current academic trends and see how the next generation of professionals is tackling complex urban challenges. You will get an exclusive look at a wide range of models, digital presentations, and innovative drawings spanning all levels of study across the entire architecture building. The exhibition is open to the public, providing a perfect setting to network with faculty and students while exploring fresh design perspectives. Head over to the TMU DAS website to plan your visit and experience this impressive showcase of student work firsthand.","FALSE","2026-06-22 4:00:00"
"Shaping Sustainable Futures: Join the Toronto Climate Justice Summit","The Toronto Climate Justice Summit, presented by Climate Pulse Canada, is coming to Vaughan this May 22–23, 2026. For newcomer architects and engineers, this is a fantastic opportunity to engage with global leaders and innovators working at the intersection of design and environmental equity. You will gain valuable perspectives on how to integrate bold climate action into your professional practice while connecting with a diverse community of advocates. The event takes place in person at 121 Honeycrisp Crescent, and registration is currently open for those looking to expand their impact in the industry. Head over to their website to secure your spot and join the conversation.","FALSE","2026-05-22 4:00:00"
"Unlock Collaborative Innovation at the 2026 OAA Conference","The Ontario Association of Architects (OAA) is heading to the Waterloo Region this May 13-15 for their highly anticipated 2026 Conference. For newcomers looking to understand the intersection of architecture and Canada’s tech-forward landscape, this is a prime opportunity to engage with the challenges of climate resilience and housing. You will gain valuable perspectives on co-creation strategies and innovative project delivery that are essential for navigating the current Ontario market. This three-day event promises to be an excellent venue for networking with industry leaders and peers in the heart of the Grand Valley. We encourage you to visit the official OAA website to review the full program and secure your spot today.","FALSE","2026-05-13 4:00:00"
"Protect Your Practice: Navigating New Building Envelope Insurance Requirements","The Toronto Society of Architects is hosting a critical technical session on May 5, 2026, focused on maintaining your professional liability insurance coverage regarding building envelopes. For newcomers navigating the Ontario construction landscape, understanding these specific technical requirements is essential for long-term risk management and professional stability. This session offers a deep dive into ProDemnity’s updated standards, helping you ensure your projects remain compliant and protected against common water ingress claims. This technical overview is a valuable resource for architects and engineers looking to strengthen their practice protocols. Head over to the TSA website to secure your spot and register for this essential industry update.","FALSE","2026-05-05 4:00:00"
"Mastering Project Lifecycles: A Must-Attend for Ontario Engineers","Professional Engineers Ontario is hosting an insightful technical seminar titled 'The Life Cycle of a Project' that offers a deep dive into project management workflows. For newcomer engineers navigating the Ontario landscape, this is a fantastic opportunity to align your international experience with local industry standards and best practices. Attendees will gain a comprehensive understanding of the various phases of engineering projects, from inception to completion, which is essential for advancing your career in this province. Keep an eye on the official PEO portal for specific scheduling and registration details as they become available. We highly recommend visiting the PEO website to stay updated and secure your spot once registration opens.","FALSE","2026-04-30 4:00:00"
"Inspire the Next Generation at the Lambton County Fair","Professional Engineers Ontario is highlighting the upcoming Lambton County Science Fair, a fantastic event celebrating innovation and technical curiosity. For newcomer engineers looking to integrate into the Ontario professional community, this is a wonderful way to connect with local talent and demonstrate your commitment to the engineering field. You will have the chance to engage with bright young minds and witness the future of regional engineering projects firsthand. Keep an eye on the official PEO website for specific dates and participation details as they are released. We encourage you to visit the PEO portal to learn more about how you can support or attend this inspiring event.","FALSE","2026-04-30 4:00:00"
"Share Your Design Expertise: RGD's 2026 Speaker Call","The Registered Graphic Designers (RGD) is calling for speakers to share their insights at their 2026 DesignThinkers Conference, with a focus on the theme 'Out of Office: Stepping away from the desk allows for creative freedom.' This is a fantastic opportunity for newcomer engineers and architects in Ontario to contribute to a broader creative dialogue and gain visibility within the design community. Attendees will explore how designers can have a greater impact and celebrate unconventional thinking. Proposals are currently being accepted for this in-person and virtual event. Don't miss out on this chance to share your unique perspective – visit the RGD website for submission details.","FALSE","2026-04-24 4:00:00"
"Celebrating Five Decades of Design at Etobicoke Civic Centre","The Toronto Society of Architects is highlighting a special retrospective exhibition at the Etobicoke Civic Centre Art Gallery, opening on April 21, 2026. For newcomer architects, this is a wonderful opportunity to explore the evolution of local civic spaces and see how design has shaped community engagement over the last 50 years. You will gain unique insights into the gallery’s history, view a new commission by an early-career artist, and preview the upcoming architectural designs for the venue's future. This exhibition is free to the public and offers a reflective look at the intersection of urban development and public art. We encourage you to visit the TSA website to learn more and plan your visit to this milestone celebration.","FALSE","2026-04-21 4:00:00"
"Lead a Jane’s Walk: Share Your Urban Perspective","The Toronto Society of Architects is inviting community members to lead a tour for the upcoming Jane’s Walk Toronto Festival, with submission deadlines closing on April 20, 2026. For newcomer architects and engineers, this is a fantastic way to engage with the city’s urban fabric, build local connections, and showcase your expertise in a public forum. By hosting a walk, you’ll gain valuable experience in community storytelling and urban interpretation while contributing to Toronto's vibrant cultural landscape. The process is designed to be accessible for first-time leaders, with plenty of support available through their upcoming virtual 'Walkshops.' Visit the Toronto Society of Architects website to learn more and submit your unique tour proposal.","FALSE","2026-04-20 4:00:00"
"PEO Sudbury: Connect, Learn, and Grow at the AGM","The PEO Sudbury Chapter is hosting their Annual General Meeting (AGM) and License Presentation on Thu Apr 16 2026 00:00:00 GMT-0400 (Eastern Daylight Time). This is a fantastic opportunity for newcomer engineers in Ontario to connect with fellow professionals and celebrate achievements within the engineering community. You'll gain insights into the PEO's activities and potentially network with experienced engineers. Keep an eye on the PEO website for registration details and any associated costs. Don't miss out on this chance to engage with your local engineering chapter!","FALSE","2026-04-16 4:00:00"
"Decoding the Future of Housing: Insights from the TSA","The Toronto Society of Architects is hosting an upcoming forum focused on the evolving landscape of catalogue and pattern book housing. For newcomers navigating the Ontario housing market, this session offers a vital look at how standardized design approaches are shaping local residential development. You will gain a deeper understanding of the current policy frameworks and design strategies that are influencing the future of the profession. Keep an eye on the official event page for details regarding the format, registration deadlines, and any associated costs. We encourage you to visit the TSA website to stay updated and secure your spot once registration opens.","FALSE","2026-04-15 4:00:00"
